timestamp,player1_x,player1_y,player1_health,player1_is_jumping,player1_is_crouching,player1_is_in_move,player1_move_id,player2_x,player2_y,player2_health,player2_is_jumping,player2_is_crouching,player2_is_in_move,player2_move_id,distance,action_sequence,action_index
2025-05-09T01:04:30.510183,205,192,176,False,False,False,0,324,192,176,False,False,False,0,119,">,-,!>,v+>,-,!v+!>,v,-,!v,v+<,-,!v+!<,<+Y,-,!<+!Y",0
2025-05-09T01:04:30.681284,206,192,176,False,False,True,1,334,192,176,False,False,False,0,128,">,-,!>,v+>,-,!v+!>,v,-,!v,v+<,-,!v+!<,<+Y,-,!<+!Y",0
2025-05-09T01:04:30.850875,206,192,176,False,False,True,1,345,192,176,False,False,False,0,139,">+^+B,>+^+B,!>+!^+!B",0
2025-05-09T01:04:30.906875,240,192,176,False,False,True,1,345,192,176,False,False,False,0,105,"<,-,!<,v+<,-,!v+!<,v,-,!v,v+>,-,!v+!>,>+Y,-,!>+!Y",0
2025-05-09T01:04:31.072272,206,192,176,False,False,True,1,351,192,176,False,False,False,0,145,">,-,!>,v+>,-,!v+!>,v,-,!v,v+<,-,!v+!<,<+Y,-,!<+!Y",0
2025-05-09T01:04:31.242283,206,192,176,False,False,True,1,351,192,176,False,False,False,0,145,">+^+B,>+^+B,!>+!^+!B",0
2025-05-09T01:04:31.299277,240,192,176,False,False,True,1,349,192,176,False,False,False,0,109,">+^+B,>+^+B,!>+!^+!B",0
2025-05-09T01:04:31.356277,206,192,176,False,False,True,1,351,192,176,False,False,False,0,145,">+^+B,>+^+B,!>+!^+!B",0
2025-05-09T01:04:31.411278,206,192,176,False,False,True,1,351,192,176,False,False,False,0,145,">+^+B,>+^+B,!>+!^+!B",0
2025-05-09T01:04:31.465594,206,192,176,False,False,True,131073,351,192,176,False,False,False,0,145,">,-,!>,v+>,-,!v+!>,v,-,!v,v+<,-,!v+!<,<+Y,-,!<+!Y",0
2025-05-09T01:04:31.644425,241,192,176,False,False,True,131073,349,192,176,False,False,False,0,108,">,-,!>,v+>,-,!v+!>,v,-,!v,v+<,-,!v+!<,<+Y,-,!<+!Y",0
2025-05-09T01:04:31.799333,207,192,176,False,False,True,1,351,192,176,False,True,False,0,144,"<,-,!<,v+<,-,!v+!<,v,-,!v,v+>,-,!v+!>,>+Y,-,!>+!Y",0
2025-05-09T01:04:31.973885,207,192,176,False,False,True,1,351,192,176,False,True,False,0,144,">,-,!>,v+>,-,!v+!>,v,-,!v,v+<,-,!v+!<,<+Y,-,!<+!Y",0
2025-05-09T01:04:32.177888,207,192,176,False,False,True,1,351,192,176,False,True,False,0,144,"<,-,!<,v+<,-,!v+!<,v,-,!v,v+>,-,!v+!>,>+Y,-,!>+!Y",0
2025-05-09T01:04:32.376886,207,192,176,False,False,True,1,351,192,176,False,True,False,0,144,">+^+B,>+^+B,!>+!^+!B",0
2025-05-09T01:04:32.438885,241,192,176,False,False,True,1,350,192,176,False,True,False,0,109,"<,-,!<,v+<,-,!v+!<,v,-,!v,v+>,-,!v+!>,>+Y,-,!>+!Y",0
2025-05-09T01:04:32.608160,207,192,176,False,False,True,1,351,192,176,False,True,False,0,144,">,-,!>,v+>,-,!v+!>,v,-,!v,v+<,-,!v+!<,<+Y,-,!<+!Y",0
2025-05-09T01:04:32.770356,207,192,176,False,False,True,1,351,192,176,False,True,False,0,144,">,-,!>,v+>,-,!v+!>,v,-,!v,v+<,-,!v+!<,<+Y,-,!<+!Y",0
2025-05-09T01:04:32.974120,207,192,176,False,False,True,1,351,192,176,False,True,False,0,144,">,-,!>,v+>,-,!v+!>,v,-,!v,v+<,-,!v+!<,<+Y,-,!<+!Y",0
2025-05-09T01:04:33.205151,207,192,176,False,False,True,1,351,192,176,False,True,False,0,144,">+^+B,>+^+B,!>+!^+!B",0
2025-05-09T01:04:33.291202,241,192,176,False,False,True,1,350,192,176,False,True,False,0,109,"<,-,!<,v+<,-,!v+!<,v,-,!v,v+>,-,!v+!>,>+Y,-,!>+!Y",0
2025-05-09T01:04:33.556210,207,192,176,False,False,True,1,351,192,176,False,True,False,0,144,"<,-,!<,v+<,-,!v+!<,v,-,!v,v+>,-,!v+!>,>+Y,-,!>+!Y",0
2025-05-09T01:04:33.844203,207,192,176,False,False,True,1,351,192,176,False,True,False,0,144,"<,-,!<,v+<,-,!v+!<,v,-,!v,v+>,-,!v+!>,>+Y,-,!>+!Y",0
2025-05-09T01:04:34.150755,207,192,176,False,False,True,1,351,192,176,False,True,False,0,144,">,-,!>,v+>,-,!v+!>,v,-,!v,v+<,-,!v+!<,<+Y,-,!<+!Y",0
2025-05-09T01:04:34.380646,207,192,176,False,False,True,1,351,192,176,False,True,False,0,144,">+^+B,>+^+B,!>+!^+!B",0
2025-05-09T01:04:34.453575,241,192,176,False,False,True,1,350,192,176,False,True,False,0,109,">+^+B,>+^+B,!>+!^+!B",0
2025-05-09T01:04:34.522712,241,192,176,False,False,True,1,350,192,176,False,True,False,0,109,">,-,!>,v+>,-,!v+!>,v,-,!v,v+<,-,!v+!<,<+Y,-,!<+!Y",0
2025-05-09T01:04:34.749711,207,192,176,False,False,True,1,342,192,176,False,False,False,0,135,">+^+B,>+^+B,!>+!^+!B",0
2025-05-09T01:04:34.821714,241,192,176,False,False,True,1,337,192,176,False,False,False,0,96,"<,-,!<,v+<,-,!v+!<,v,-,!v,v+>,-,!v+!>,>+Y,-,!>+!Y",0
2025-05-09T01:04:35.145082,207,192,176,False,False,True,1,328,192,176,False,False,False,0,121,">,-,!>,v+>,-,!v+!>,v,-,!v,v+<,-,!v+!<,<+Y,-,!<+!Y",0
2025-05-09T01:04:35.401016,207,192,176,False,False,True,1,314,192,176,False,False,False,0,107,">,-,!>,v+>,-,!v+!>,v,-,!v,v+<,-,!v+!<,<+Y,-,!<+!Y",0
2025-05-09T01:04:35.699927,207,192,176,False,False,True,1,308,192,176,False,True,True,33686532,101,"<,-,!<,v+<,-,!v+!<,v,-,!v,v+>,-,!v+!>,>+Y,-,!>+!Y",0
2025-05-09T01:04:35.984986,207,192,176,False,False,True,1,308,192,176,False,True,True,33686532,101,">,-,!>,v+>,-,!v+!>,v,-,!v,v+<,-,!v+!<,<+Y,-,!<+!Y",0
2025-05-09T01:04:36.231190,207,192,176,False,False,True,1,308,192,176,False,True,True,33686532,101,">,-,!>,v+>,-,!v+!>,v,-,!v,v+<,-,!v+!<,<+Y,-,!<+!Y",0
2025-05-09T01:04:36.441606,207,192,176,False,False,True,1,308,192,176,False,True,False,0,101,"<,-,!<,v+<,-,!v+!<,v,-,!v,v+>,-,!v+!>,>+Y,-,!>+!Y",0
2025-05-09T01:04:36.673915,207,192,176,False,False,True,1,308,192,176,False,True,True,33686532,101,">+^+B,>+^+B,!>+!^+!B",0
2025-05-09T01:04:36.742913,241,192,176,False,False,True,1,306,192,176,False,True,True,33686532,65,"<,-,!<,v+<,-,!v+!<,v,-,!v,v+>,-,!v+!>,>+Y,-,!>+!Y",0
2025-05-09T01:04:36.961143,207,192,176,False,False,True,1,308,192,176,False,True,True,33686532,101,">,-,!>,v+>,-,!v+!>,v,-,!v,v+<,-,!v+!<,<+Y,-,!<+!Y",0
2025-05-09T01:04:37.191540,207,192,176,False,False,True,1,308,192,176,False,True,False,0,101,">,-,!>,v+>,-,!v+!>,v,-,!v,v+<,-,!v+!<,<+Y,-,!<+!Y",0
2025-05-09T01:04:37.413804,207,192,176,False,False,True,1,308,192,176,False,True,True,33686532,101,">+^+B,>+^+B,!>+!^+!B",0
2025-05-09T01:04:37.492170,241,192,176,False,False,True,1,306,192,176,False,True,True,33686532,65,"<,-,!<,v+<,-,!v+!<,v,-,!v,v+>,-,!v+!>,>+Y,-,!>+!Y",0
2025-05-09T01:04:37.723170,207,192,176,False,False,True,1,308,192,176,False,True,True,33686532,101,">,-,!>,v+>,-,!v+!>,v,-,!v,v+<,-,!v+!<,<+Y,-,!<+!Y",0
2025-05-09T01:04:37.932322,207,192,176,False,False,True,1,308,192,176,False,True,False,0,101,">,-,!>,v+>,-,!v+!>,v,-,!v,v+<,-,!v+!<,<+Y,-,!<+!Y",0
2025-05-09T01:04:38.158363,207,192,176,False,False,True,1,308,192,176,False,True,True,33686532,101,">,-,!>,v+>,-,!v+!>,v,-,!v,v+<,-,!v+!<,<+Y,-,!<+!Y",0
2025-05-09T01:04:38.382928,207,192,176,False,False,True,1,308,192,176,False,True,True,33686532,101,">,-,!>,v+>,-,!v+!>,v,-,!v,v+<,-,!v+!<,<+Y,-,!<+!Y",0
2025-05-09T01:04:38.595094,207,192,176,False,False,True,1,308,192,176,False,True,True,33686532,101,">,-,!>,v+>,-,!v+!>,v,-,!v,v+<,-,!v+!<,<+Y,-,!<+!Y",0
2025-05-09T01:04:38.814099,207,192,176,False,False,True,1,308,192,176,False,True,True,33686532,101,">+^+B,>+^+B,!>+!^+!B",0
2025-05-09T01:04:38.886102,264,192,176,False,False,True,1,210,192,176,False,True,True,33686532,-54,">,>,!>",0
2025-05-09T01:04:38.957102,241,192,176,False,False,True,1,306,192,176,False,True,True,33686532,65,">+^+B,>+^+B,!>+!^+!B",0
2025-05-09T01:04:39.028100,207,192,176,False,False,True,1,308,192,176,False,True,True,33686532,101,">+^+B,>+^+B,!>+!^+!B",0
2025-05-09T01:04:39.096207,207,192,176,False,False,True,131073,308,192,176,False,True,True,33686532,101,">,-,!>,v+>,-,!v+!>,v,-,!v,v+<,-,!v+!<,<+Y,-,!<+!Y",0
2025-05-09T01:04:39.318745,242,192,176,False,False,False,0,306,192,176,False,True,True,33686532,64,"<,-,!<,v+<,-,!v+!<,v,-,!v,v+>,-,!v+!>,>+Y,-,!>+!Y",0
2025-05-09T01:04:39.509606,207,192,176,False,False,True,1,304,192,176,False,False,False,0,97,">+^+B,>+^+B,!>+!^+!B",0
2025-05-09T01:04:39.574512,241,192,176,False,False,True,1,299,192,176,False,False,False,0,58,"v+R,v+R,v+R,!v+!R",0
2025-05-09T01:04:39.648633,207,192,176,False,False,True,1,296,192,156,False,False,False,0,89,">,-,!>,v+>,-,!v+!>,v,-,!v,v+<,-,!v+!<,<+Y,-,!<+!Y",0
2025-05-09T01:04:39.858137,207,192,176,False,False,True,1,296,192,156,False,False,False,0,89,">,-,!>,v+>,-,!v+!>,v,-,!v,v+<,-,!v+!<,<+Y,-,!<+!Y",0
2025-05-09T01:04:40.054128,207,192,176,False,False,True,1,302,192,156,False,False,False,0,95,"<,-,!<,v+<,-,!v+!<,v,-,!v,v+>,-,!v+!>,>+Y,-,!>+!Y",0
2025-05-09T01:04:40.256122,207,192,176,False,False,True,1,312,192,156,False,False,False,0,105,">+^+B,>+^+B,!>+!^+!B",0
2025-05-09T01:04:40.322862,241,192,176,False,False,True,1,311,192,156,False,True,False,0,70,">+^+B,>+^+B,!>+!^+!B",0
2025-05-09T01:04:40.389862,207,192,176,False,False,True,1,312,192,156,False,True,False,0,105,"<,-,!<,v+<,-,!v+!<,v,-,!v,v+>,-,!v+!>,>+Y,-,!>+!Y",0
2025-05-09T01:04:40.591362,207,192,176,False,True,True,1,312,192,156,False,True,False,0,105,">,-,!>,v+>,-,!v+!>,v,-,!v,v+<,-,!v+!<,<+Y,-,!<+!Y",0
2025-05-09T01:04:40.794468,207,192,176,False,False,True,1,312,192,156,False,True,False,0,105,">,-,!>,v+>,-,!v+!>,v,-,!v,v+<,-,!v+!<,<+Y,-,!<+!Y",0
2025-05-09T01:04:40.994524,207,192,176,False,False,True,1,312,192,156,False,True,False,0,105,">,-,!>,v+>,-,!v+!>,v,-,!v,v+<,-,!v+!<,<+Y,-,!<+!Y",0
2025-05-09T01:04:41.198241,207,192,176,False,False,True,1,312,192,156,False,True,False,0,105,">,-,!>,v+>,-,!v+!>,v,-,!v,v+<,-,!v+!<,<+Y,-,!<+!Y",0
2025-05-09T01:04:41.405747,207,192,176,False,False,True,1,312,192,156,False,True,False,0,105,">+^+B,>+^+B,!>+!^+!B",0
2025-05-09T01:04:41.473744,241,192,176,False,False,True,1,311,192,156,False,True,False,0,70,"<,-,!<,v+<,-,!v+!<,v,-,!v,v+>,-,!v+!>,>+Y,-,!>+!Y",0
2025-05-09T01:04:41.671422,207,192,176,False,False,True,1,311,192,156,False,False,False,0,104,">,-,!>,v+>,-,!v+!>,v,-,!v,v+<,-,!v+!<,<+Y,-,!<+!Y",0
2025-05-09T01:04:41.896096,207,192,176,False,False,True,1,308,192,156,False,True,True,33686532,101,">+^+B,>+^+B,!>+!^+!B",0
2025-05-09T01:04:41.965467,264,192,176,False,False,True,1,210,192,156,False,True,True,33686532,-54,">,>,!>",0
2025-05-09T01:04:42.037564,207,192,176,False,False,True,1,308,192,156,False,True,True,33686532,101,">+^+B,>+^+B,!>+!^+!B",0
2025-05-09T01:04:42.106320,207,192,176,False,False,True,1,308,192,156,False,True,True,33686532,101,">+^+B,>+^+B,!>+!^+!B",0
2025-05-09T01:04:42.179490,207,192,176,False,False,True,131073,308,192,156,False,True,True,33686532,101,"<,-,!<,v+<,-,!v+!<,v,-,!v,v+>,-,!v+!>,>+Y,-,!>+!Y",0
2025-05-09T01:04:42.390759,242,192,176,False,False,False,0,306,192,156,False,True,True,33686532,64,">,-,!>,v+>,-,!v+!>,v,-,!v,v+<,-,!v+!<,<+Y,-,!<+!Y",0
2025-05-09T01:04:42.576790,209,192,176,False,False,True,1,304,192,156,False,False,False,0,95,">+^+B,>+^+B,!>+!^+!B",0
2025-05-09T01:04:42.646782,243,192,176,False,False,True,1,302,192,156,False,True,True,33686532,59,"v+R,v+R,v+R,!v+!R",0
2025-05-09T01:04:42.727148,209,192,176,False,False,True,1,304,192,156,False,True,True,33686532,95,"<,-,!<,v+<,-,!v+!<,v,-,!v,v+>,-,!v+!>,>+Y,-,!>+!Y",0
2025-05-09T01:04:42.930148,209,192,144,False,False,False,0,304,192,156,False,True,True,33686532,95,">+^+B,>+^+B,!>+!^+!B",0
2025-05-09T01:04:42.997154,209,192,144,False,False,False,0,304,192,156,False,True,True,33686532,95,">,-,!>,v+>,-,!v+!>,v,-,!v,v+<,-,!v+!<,<+Y,-,!<+!Y",0
2025-05-09T01:04:43.198418,204,174,144,False,False,False,0,304,192,156,False,True,True,33686532,100,">,-,!>,v+>,-,!v+!>,v,-,!v,v+<,-,!v+!<,<+Y,-,!<+!Y",0
2025-05-09T01:04:43.397782,194,149,144,False,False,False,0,304,192,156,False,True,True,33686532,110,">,-,!>,v+>,-,!v+!>,v,-,!v,v+<,-,!v+!<,<+Y,-,!<+!Y",0
2025-05-09T01:04:43.587299,184,143,144,False,False,False,0,304,192,156,False,True,False,0,120,">,-,!>,v+>,-,!v+!>,v,-,!v,v+<,-,!v+!<,<+Y,-,!<+!Y",0
2025-05-09T01:04:43.770719,173,157,144,False,False,False,0,304,192,156,False,True,False,0,131,"<,-,!<,v+<,-,!v+!<,v,-,!v,v+>,-,!v+!>,>+Y,-,!>+!Y",0
2025-05-09T01:04:43.950515,164,190,144,False,False,False,0,304,192,156,False,True,False,0,140,"<,-,!<,v+<,-,!v+!<,v,-,!v,v+>,-,!v+!>,>+Y,-,!>+!Y",0
2025-05-09T01:04:44.128489,161,192,144,False,False,False,0,304,192,156,False,True,False,0,143,">,-,!>,v+>,-,!v+!>,v,-,!v,v+<,-,!v+!<,<+Y,-,!<+!Y",0
2025-05-09T01:04:44.312588,161,192,144,False,False,False,0,304,192,156,False,True,False,0,143,">,-,!>,v+>,-,!v+!>,v,-,!v,v+<,-,!v+!<,<+Y,-,!<+!Y",0
2025-05-09T01:04:44.502648,161,192,144,False,False,False,0,304,192,156,False,True,False,0,143,"<,-,!<,v+<,-,!v+!<,v,-,!v,v+>,-,!v+!>,>+Y,-,!>+!Y",0
2025-05-09T01:04:44.691506,161,192,144,False,False,False,0,304,192,156,False,True,False,0,143,">,-,!>,v+>,-,!v+!>,v,-,!v,v+<,-,!v+!<,<+Y,-,!<+!Y",0
2025-05-09T01:04:44.878117,161,192,144,False,False,True,1,304,192,156,False,True,False,0,143,"<,-,!<,v+<,-,!v+!<,v,-,!v,v+>,-,!v+!>,>+Y,-,!>+!Y",0
2025-05-09T01:04:45.079202,161,192,144,False,False,True,1,304,192,156,False,True,False,0,143,">,-,!>,v+>,-,!v+!>,v,-,!v,v+<,-,!v+!<,<+Y,-,!<+!Y",0
2025-05-09T01:04:45.308117,161,192,144,False,False,True,1,304,192,156,False,True,False,0,143,"<,-,!<,v+<,-,!v+!<,v,-,!v,v+>,-,!v+!>,>+Y,-,!>+!Y",0
2025-05-09T01:04:45.522568,161,192,144,False,False,True,1,304,192,156,False,True,False,0,143,">+^+B,>+^+B,!>+!^+!B",0
2025-05-09T01:04:45.590666,195,192,144,False,False,True,1,303,192,156,False,True,False,0,108,"<,-,!<,v+<,-,!v+!<,v,-,!v,v+>,-,!v+!>,>+Y,-,!>+!Y",0
2025-05-09T01:04:45.781599,161,192,144,False,False,True,1,303,192,156,False,False,False,0,142,"<,-,!<,v+<,-,!v+!<,v,-,!v,v+>,-,!v+!>,>+Y,-,!>+!Y",0
2025-05-09T01:04:45.983020,161,192,144,False,False,True,1,291,192,156,False,False,False,0,130,">+^+B,>+^+B,!>+!^+!B",0
2025-05-09T01:04:46.052684,195,192,144,False,False,True,1,285,192,156,False,False,False,0,90,"<,-,!<,v+<,-,!v+!<,v,-,!v,v+>,-,!v+!>,>+Y,-,!>+!Y",0
2025-05-09T01:04:46.247969,161,192,144,False,False,True,1,276,192,156,False,False,False,0,115,"<,-,!<,v+<,-,!v+!<,v,-,!v,v+>,-,!v+!>,>+Y,-,!>+!Y",0
2025-05-09T01:04:46.448877,161,192,144,False,False,True,1,263,192,156,False,False,False,0,102,"<,-,!<,v+<,-,!v+!<,v,-,!v,v+>,-,!v+!>,>+Y,-,!>+!Y",0
2025-05-09T01:04:46.667876,161,192,144,False,False,True,1,261,192,156,False,True,True,33686532,100,">+^+B,>+^+B,!>+!^+!B",0
2025-05-09T01:04:46.737879,217,192,144,False,False,True,1,164,192,156,False,True,True,33686532,-53,">,>,!>",0
2025-05-09T01:04:46.811875,161,192,144,False,False,True,1,261,192,156,False,True,True,33686532,100,">,-,!>,v+>,-,!v+!>,v,-,!v,v+<,-,!v+!<,<+Y,-,!<+!Y",0
2025-05-09T01:04:47.008953,161,192,144,False,False,True,1,261,192,156,False,True,True,33686532,100,">+^+B,>+^+B,!>+!^+!B",0
2025-05-09T01:04:47.077709,195,192,144,False,False,True,1,259,192,156,False,True,True,33686532,64,">+^+B,>+^+B,!>+!^+!B",0
2025-05-09T01:04:47.146327,161,192,144,False,False,True,1,261,192,156,False,True,True,33686532,100,">,-,!>,v+>,-,!v+!>,v,-,!v,v+<,-,!v+!<,<+Y,-,!<+!Y",0
2025-05-09T01:04:47.347983,161,192,144,False,False,True,1,261,192,156,False,True,True,33686532,100,">,-,!>,v+>,-,!v+!>,v,-,!v,v+<,-,!v+!<,<+Y,-,!<+!Y",0
2025-05-09T01:04:47.570742,161,192,144,False,False,True,1,261,192,156,False,True,True,33686532,100,"<,-,!<,v+<,-,!v+!<,v,-,!v,v+>,-,!v+!>,>+Y,-,!>+!Y",0
2025-05-09T01:04:47.778807,161,192,144,False,False,True,1,261,192,156,False,True,True,33686532,100,">+^+B,>+^+B,!>+!^+!B",0
2025-05-09T01:04:47.848897,195,192,144,False,False,True,1,259,192,156,False,True,True,33686532,64,">+^+B,>+^+B,!>+!^+!B",0
2025-05-09T01:04:47.912788,195,192,144,False,False,True,1,260,192,156,False,True,False,0,65,">+^+B,>+^+B,!>+!^+!B",0
2025-05-09T01:04:47.976905,161,192,144,False,False,True,1,261,192,156,False,False,False,0,100,"<,-,!<,v+<,-,!v+!<,v,-,!v,v+>,-,!v+!>,>+Y,-,!>+!Y",0
2025-05-09T01:04:48.156800,160,192,144,False,False,True,1,248,192,156,False,False,False,0,88,">+^+B,>+^+B,!>+!^+!B",0
2025-05-09T01:04:48.219732,194,192,144,False,False,True,1,220,192,134,False,False,False,0,26,"v+R,v+R,v+R,!v+!R",0
2025-05-09T01:04:48.288945,160,192,144,False,False,True,1,244,192,134,False,False,False,0,84,">+^+B,>+^+B,!>+!^+!B",0
2025-05-09T01:04:48.357942,160,192,144,False,False,True,1,244,192,134,False,False,False,0,84,">,-,!>,v+>,-,!v+!>,v,-,!v,v+<,-,!v+!<,<+Y,-,!<+!Y",0
2025-05-09T01:04:48.553689,160,192,144,False,False,True,1,244,192,134,False,False,False,0,84,">+^+B,>+^+B,!>+!^+!B",0
2025-05-09T01:04:48.617781,194,192,144,False,False,True,1,246,192,134,False,False,False,0,52,"<,<,!<",0
2025-05-09T01:04:48.681730,160,192,144,False,False,True,1,256,192,134,False,False,False,0,96,">+^+B,>+^+B,!>+!^+!B",0
2025-05-09T01:04:48.745060,160,192,144,False,False,True,1,259,192,134,False,False,False,0,99,"<,-,!<,v+<,-,!v+!<,v,-,!v,v+>,-,!v+!>,>+Y,-,!>+!Y",0
2025-05-09T01:04:48.922490,160,192,144,False,False,True,1,268,192,134,False,False,False,0,108,"<,-,!<,v+<,-,!v+!<,v,-,!v,v+>,-,!v+!>,>+Y,-,!>+!Y",0
2025-05-09T01:04:49.115576,160,192,144,False,False,True,1,277,192,134,False,False,False,0,117,">,-,!>,v+>,-,!v+!>,v,-,!v,v+<,-,!v+!<,<+Y,-,!<+!Y",0
2025-05-09T01:04:49.311010,160,192,144,False,False,True,1,286,192,134,False,False,False,0,126,">,-,!>,v+>,-,!v+!>,v,-,!v,v+<,-,!v+!<,<+Y,-,!<+!Y",0
2025-05-09T01:04:49.521420,160,192,144,False,False,True,1,297,192,134,False,False,False,0,137,">+^+B,>+^+B,!>+!^+!B",0
2025-05-09T01:04:49.591417,194,192,144,False,False,True,1,297,192,134,False,False,False,0,103,">,-,!>,v+>,-,!v+!>,v,-,!v,v+<,-,!v+!<,<+Y,-,!<+!Y",0
2025-05-09T01:04:49.802584,160,192,144,False,False,True,1,305,192,134,False,False,False,0,145,">+^+B,>+^+B,!>+!^+!B",0
2025-05-09T01:04:49.866585,194,192,144,False,False,True,1,303,192,134,False,False,False,0,109,">+^+B,>+^+B,!>+!^+!B",0
2025-05-09T01:04:49.935494,160,192,144,False,False,True,1,305,192,134,False,False,False,0,145,"<,-,!<,v+<,-,!v+!<,v,-,!v,v+>,-,!v+!>,>+Y,-,!>+!Y",0
2025-05-09T01:04:50.122674,160,192,144,False,False,True,1,305,192,134,False,False,False,0,145,">,-,!>,v+>,-,!v+!>,v,-,!v,v+<,-,!v+!<,<+Y,-,!<+!Y",0
2025-05-09T01:04:50.348323,160,192,144,False,False,True,1,305,192,134,False,False,False,0,145,"<,-,!<,v+<,-,!v+!<,v,-,!v,v+>,-,!v+!>,>+Y,-,!>+!Y",0
2025-05-09T01:04:50.562947,160,192,144,False,False,True,1,305,192,134,False,False,False,0,145,">,-,!>,v+>,-,!v+!>,v,-,!v,v+<,-,!v+!<,<+Y,-,!<+!Y",0
2025-05-09T01:04:50.768855,160,192,144,False,False,True,1,294,192,134,False,False,False,0,134,">,-,!>,v+>,-,!v+!>,v,-,!v,v+<,-,!v+!<,<+Y,-,!<+!Y",0
2025-05-09T01:04:50.965680,160,192,144,False,False,True,1,283,192,134,False,False,False,0,123,">,-,!>,v+>,-,!v+!>,v,-,!v,v+<,-,!v+!<,<+Y,-,!<+!Y",0
2025-05-09T01:04:51.169123,160,192,144,False,False,True,1,272,192,134,False,False,False,0,112,"<,-,!<,v+<,-,!v+!<,v,-,!v,v+>,-,!v+!>,>+Y,-,!>+!Y",0
2025-05-09T01:04:51.372463,160,192,144,False,False,True,1,261,192,134,False,True,True,33686532,101,">,-,!>,v+>,-,!v+!>,v,-,!v,v+<,-,!v+!<,<+Y,-,!<+!Y",0
2025-05-09T01:04:51.591633,160,192,144,False,False,True,1,261,192,134,False,True,True,33686532,101,">,-,!>,v+>,-,!v+!>,v,-,!v,v+<,-,!v+!<,<+Y,-,!<+!Y",0
2025-05-09T01:04:51.797993,160,192,144,False,False,True,1,261,192,134,False,True,True,33686532,101,">,-,!>,v+>,-,!v+!>,v,-,!v,v+<,-,!v+!<,<+Y,-,!<+!Y",0
2025-05-09T01:04:52.017277,160,192,144,False,False,True,1,261,192,134,False,True,True,33686532,101,"<,-,!<,v+<,-,!v+!<,v,-,!v,v+>,-,!v+!>,>+Y,-,!>+!Y",0
2025-05-09T01:04:52.217026,160,192,144,False,False,True,1,261,192,134,False,True,True,33686532,101,">,-,!>,v+>,-,!v+!>,v,-,!v,v+<,-,!v+!<,<+Y,-,!<+!Y",0
2025-05-09T01:04:52.419942,160,192,144,False,False,True,1,261,192,134,False,True,True,33686532,101,"<,-,!<,v+<,-,!v+!<,v,-,!v,v+>,-,!v+!>,>+Y,-,!>+!Y",0
2025-05-09T01:04:52.638421,160,192,144,False,False,True,1,261,192,134,False,True,True,33686532,101,">+^+B,>+^+B,!>+!^+!B",0
2025-05-09T01:04:52.710415,194,192,144,False,False,True,1,259,192,134,False,True,True,33686532,65,"<,-,!<,v+<,-,!v+!<,v,-,!v,v+>,-,!v+!>,>+Y,-,!>+!Y",0
2025-05-09T01:04:52.912050,160,192,144,False,False,True,1,261,192,134,False,True,True,33686532,101,">,-,!>,v+>,-,!v+!>,v,-,!v,v+<,-,!v+!<,<+Y,-,!<+!Y",0
2025-05-09T01:04:53.127800,160,192,144,False,False,True,1,261,192,134,False,True,True,33686532,101,">+^+B,>+^+B,!>+!^+!B",0
2025-05-09T01:04:53.199800,194,192,144,False,False,True,1,259,192,134,False,True,True,33686532,65,">,-,!>,v+>,-,!v+!>,v,-,!v,v+<,-,!v+!<,<+Y,-,!<+!Y",0
2025-05-09T01:04:53.415799,160,192,144,False,False,True,1,261,192,134,False,True,True,33686532,101,">,-,!>,v+>,-,!v+!>,v,-,!v,v+<,-,!v+!<,<+Y,-,!<+!Y",0
2025-05-09T01:04:53.627760,160,192,144,False,False,True,1,257,192,134,False,False,False,0,97,">,-,!>,v+>,-,!v+!>,v,-,!v,v+<,-,!v+!<,<+Y,-,!<+!Y",0
2025-05-09T01:04:53.829758,160,192,144,False,False,True,1,250,192,113,False,False,False,0,90,"<,-,!<,v+<,-,!v+!<,v,-,!v,v+>,-,!v+!>,>+Y,-,!>+!Y",0
2025-05-09T01:04:54.031853,160,192,144,False,False,True,1,250,192,113,False,False,False,0,90,">,-,!>,v+>,-,!v+!>,v,-,!v,v+<,-,!v+!<,<+Y,-,!<+!Y",0
2025-05-09T01:04:54.231233,160,192,144,False,False,True,1,264,192,113,False,False,False,0,104,">+^+B,>+^+B,!>+!^+!B",0
2025-05-09T01:04:54.295233,194,192,144,False,False,True,1,263,192,113,False,False,False,0,69,">+^+B,>+^+B,!>+!^+!B",0
2025-05-09T01:04:54.358230,194,192,144,False,False,True,1,263,192,113,False,False,False,0,69,">+^+B,>+^+B,!>+!^+!B",0
2025-05-09T01:04:54.423403,160,192,144,False,False,True,1,261,192,113,False,False,True,33686532,101,">+^+B,>+^+B,!>+!^+!B",0
2025-05-09T01:04:54.491407,160,192,144,False,False,True,131073,261,192,113,False,True,True,33686532,101,">,-,!>,v+>,-,!v+!>,v,-,!v,v+<,-,!v+!<,<+Y,-,!<+!Y",0
2025-05-09T01:04:54.686043,160,192,114,False,False,False,0,261,192,92,False,True,False,0,101,">,-,!>,v+>,-,!v+!>,v,-,!v,v+<,-,!v+!<,<+Y,-,!<+!Y",0
2025-05-09T01:04:54.858535,160,192,114,False,False,False,0,261,192,92,False,True,False,0,101,"<,-,!<,v+<,-,!v+!<,v,-,!v,v+>,-,!v+!>,>+Y,-,!>+!Y",0
2025-05-09T01:04:55.042991,151,163,114,False,False,False,0,276,192,92,False,True,False,0,125,"<,-,!<,v+<,-,!v+!<,v,-,!v,v+>,-,!v+!>,>+Y,-,!>+!Y",0
2025-05-09T01:04:55.221839,142,146,114,False,False,False,0,278,192,92,False,False,False,0,136,">,-,!>,v+>,-,!v+!>,v,-,!v,v+<,-,!v+!<,<+Y,-,!<+!Y",0
2025-05-09T01:04:55.394217,132,144,114,False,False,False,0,288,192,92,False,False,False,0,156,"<,-,!<,v+<,-,!v+!<,v,-,!v,v+>,-,!v+!>,>+Y,-,!>+!Y",0
2025-05-09T01:04:55.567539,120,166,114,False,False,False,0,291,192,92,False,False,False,0,171,"<,-,!<,v+<,-,!v+!<,v,-,!v,v+>,-,!v+!>,>+Y,-,!>+!Y",0
2025-05-09T01:04:55.749944,112,192,114,False,False,False,0,291,192,92,False,False,False,0,179,"<,-,!<,v+<,-,!v+!<,v,-,!v,v+>,-,!v+!>,>+Y,-,!>+!Y",0
2025-05-09T01:04:55.918752,112,192,114,False,False,False,0,291,192,92,False,False,False,0,179,">+^+B,>+^+B,!>+!^+!B",0
2025-05-09T01:04:55.975002,112,192,114,False,False,False,0,291,192,92,False,False,False,0,179,">+^+B,>+^+B,!>+!^+!B",0
2025-05-09T01:04:56.033909,112,192,114,False,False,False,0,291,192,92,False,False,False,0,179,">+^+B,>+^+B,!>+!^+!B",0
2025-05-09T01:04:56.093286,112,192,114,False,False,False,0,291,192,92,False,False,False,0,179,">,-,!>,v+>,-,!v+!>,v,-,!v,v+<,-,!v+!<,<+Y,-,!<+!Y",0
2025-05-09T01:04:56.265859,112,192,114,False,False,False,0,284,192,92,False,False,False,0,172,"<,-,!<,v+<,-,!v+!<,v,-,!v,v+>,-,!v+!>,>+Y,-,!>+!Y",0
2025-05-09T01:04:56.438837,112,192,114,False,False,False,0,273,192,92,False,False,False,0,161,">+^+B,>+^+B,!>+!^+!B",0
2025-05-09T01:04:56.495746,112,192,114,False,False,True,131073,270,192,92,False,False,False,0,158,">+^+B,>+^+B,!>+!^+!B",0
2025-05-09T01:04:56.564746,112,192,114,False,False,True,131073,266,192,92,False,False,False,0,154,">+^+B,>+^+B,!>+!^+!B",0
2025-05-09T01:04:56.629746,112,192,114,False,False,True,131073,261,192,92,False,False,False,0,149,">+^+B,>+^+B,!>+!^+!B",0
2025-05-09T01:04:56.692895,147,192,114,False,False,True,131073,256,192,92,False,False,False,0,109,">+^+B,>+^+B,!>+!^+!B",0
2025-05-09T01:04:56.754832,112,192,114,False,False,True,131073,253,192,92,False,False,False,0,141,">+^+B,>+^+B,!>+!^+!B",0
2025-05-09T01:04:56.822135,112,192,114,False,False,True,131073,251,192,92,False,False,False,0,139,">+^+B,>+^+B,!>+!^+!B",0
2025-05-09T01:04:56.885382,112,192,114,False,False,True,131073,245,192,92,False,False,False,0,133,"<,-,!<,v+<,-,!v+!<,v,-,!v,v+>,-,!v+!>,>+Y,-,!>+!Y",0
2025-05-09T01:04:57.067124,112,192,114,False,False,True,1,234,192,92,False,False,False,0,122,">+^+B,>+^+B,!>+!^+!B",0
2025-05-09T01:04:57.139128,146,192,114,False,False,True,1,232,192,92,False,False,False,0,86,">+^+B,>+^+B,!>+!^+!B",0
2025-05-09T01:04:57.201837,146,192,114,False,False,True,1,232,182,92,True,False,False,0,86,">,-,!>,v+>,-,!v+!>,v,-,!v,v+<,-,!v+!<,<+Y,-,!<+!Y",0
2025-05-09T01:04:57.380228,112,192,114,False,False,True,1,214,123,92,True,False,False,0,102,">+^+B,>+^+B,!>+!^+!B",0
2025-05-09T01:04:57.443181,146,192,114,False,False,True,1,208,115,92,True,False,False,0,62,"<,-,!<,v+<,-,!v+!<,v,-,!v,v+>,-,!v+!>,>+Y,-,!>+!Y",0
2025-05-09T01:04:57.650280,112,192,114,False,False,True,1,194,103,92,True,False,False,0,82,">+^+B,>+^+B,!>+!^+!B",0
2025-05-09T01:04:57.724236,146,192,114,False,False,True,1,186,108,92,True,False,False,0,40,"<,<,!<",0
2025-05-09T01:04:57.795181,112,192,114,False,False,True,1,181,122,92,True,False,False,0,69,"<,-,!<,v+<,-,!v+!<,v,-,!v,v+>,-,!v+!>,>+Y,-,!>+!Y",0
2025-05-09T01:04:57.994357,112,192,114,False,False,True,1,167,181,92,True,False,False,0,55,"<,<,!<",0
2025-05-09T01:04:58.059339,146,192,114,False,False,True,1,153,192,71,False,False,False,0,7,"v+R,v+R,v+R,!v+!R",0
2025-05-09T01:04:58.126255,112,192,114,False,False,True,1,164,192,71,False,False,False,0,52,"v+R,v+R,v+R,!v+!R",0
2025-05-09T01:04:58.195250,112,192,114,False,False,True,1,164,192,71,False,False,False,0,52,"v+R,v+R,v+R,!v+!R",0
2025-05-09T01:04:58.265251,112,192,114,False,False,True,1,164,192,71,False,False,False,0,52,"<,<,!<",0
2025-05-09T01:04:58.329699,112,192,114,False,False,True,1,164,192,71,False,False,False,0,52,"<,<,!<",0
2025-05-09T01:04:58.397454,112,192,114,False,False,True,1,166,192,71,False,False,False,0,54,"v+R,v+R,v+R,!v+!R",0
2025-05-09T01:04:58.461453,112,192,114,False,False,True,1,170,192,71,False,False,False,0,58,"v+R,v+R,v+R,!v+!R",0
2025-05-09T01:04:58.523448,112,192,114,False,False,True,1,178,192,71,False,False,False,0,66,">,-,!>,v+>,-,!v+!>,v,-,!v,v+<,-,!v+!<,<+Y,-,!<+!Y",0
2025-05-09T01:04:58.698437,113,192,114,False,False,True,1,180,192,71,True,False,False,0,67,">,-,!>,v+>,-,!v+!>,v,-,!v,v+<,-,!v+!<,<+Y,-,!<+!Y",0
2025-05-09T01:04:58.888540,113,192,114,False,False,True,1,174,166,51,True,False,False,0,61,">+^+B,>+^+B,!>+!^+!B",0
2025-05-09T01:04:58.950547,113,192,114,False,False,True,1,174,166,51,True,False,False,0,61,">,-,!>,v+>,-,!v+!>,v,-,!v,v+<,-,!v+!<,<+Y,-,!<+!Y",0
2025-05-09T01:04:59.146515,113,192,114,False,False,True,1,176,142,51,False,False,False,0,63,">,-,!>,v+>,-,!v+!>,v,-,!v,v+<,-,!v+!<,<+Y,-,!<+!Y",0
2025-05-09T01:04:59.336668,113,192,114,False,False,True,1,186,113,51,False,False,False,0,73,"<,-,!<,v+<,-,!v+!<,v,-,!v,v+>,-,!v+!>,>+Y,-,!>+!Y",0
2025-05-09T01:04:59.523506,113,192,114,False,False,True,1,197,103,51,False,False,False,0,84,"<,-,!<,v+<,-,!v+!<,v,-,!v,v+>,-,!v+!>,>+Y,-,!>+!Y",0
2025-05-09T01:04:59.721427,113,192,114,False,False,True,1,207,114,51,False,False,False,0,94,">,-,!>,v+>,-,!v+!>,v,-,!v,v+<,-,!v+!<,<+Y,-,!<+!Y",0
2025-05-09T01:04:59.923414,113,192,114,False,False,True,1,218,144,51,False,False,False,0,105,"<,-,!<,v+<,-,!v+!<,v,-,!v,v+>,-,!v+!>,>+Y,-,!>+!Y",0
2025-05-09T01:05:00.122397,113,192,114,False,False,True,1,228,192,51,False,False,False,0,115,">+^+B,>+^+B,!>+!^+!B",0
2025-05-09T01:05:00.191829,147,192,114,False,False,True,1,226,192,51,False,False,False,0,79,"<,-,!<,v+<,-,!v+!<,v,-,!v,v+>,-,!v+!>,>+Y,-,!>+!Y",0
2025-05-09T01:05:00.392040,113,192,114,False,False,True,1,242,137,51,True,False,False,0,129,">,-,!>,v+>,-,!v+!>,v,-,!v,v+<,-,!v+!<,<+Y,-,!<+!Y",0
2025-05-09T01:05:00.593950,113,192,114,False,False,True,1,262,100,51,True,False,False,0,149,"<,-,!<,v+<,-,!v+!<,v,-,!v,v+>,-,!v+!>,>+Y,-,!>+!Y",0
2025-05-09T01:05:00.793952,113,192,114,False,False,True,1,278,108,51,True,False,False,0,165,">+^+B,>+^+B,!>+!^+!B",0
2025-05-09T01:05:00.862977,147,192,114,False,False,True,1,280,116,51,True,False,False,0,133,"<,-,!<,v+<,-,!v+!<,v,-,!v,v+>,-,!v+!>,>+Y,-,!>+!Y",0
2025-05-09T01:05:01.074776,268,192,114,False,False,True,1,116,173,51,True,False,True,67108865,-152,"<+^+B,<+^+B,!<+!^+!B",0
2025-05-09T01:05:01.145253,147,192,114,False,False,True,1,300,192,51,False,False,False,0,153,"<,-,!<,v+<,-,!v+!<,v,-,!v,v+>,-,!v+!>,>+Y,-,!>+!Y",0
2025-05-09T01:05:01.365320,299,192,114,False,False,True,1,116,192,51,False,True,True,513,-183,"<+^+B,<+^+B,!<+!^+!B",0
2025-05-09T01:05:01.437528,299,192,114,False,False,True,1,116,192,51,False,True,True,513,-183,"<+^+B,<+^+B,!<+!^+!B",0
2025-05-09T01:05:01.503701,113,192,114,False,False,True,1,302,192,51,False,True,True,513,189,"<,-,!<,v+<,-,!v+!<,v,-,!v,v+>,-,!v+!>,>+Y,-,!>+!Y",0
2025-05-09T01:05:01.730099,113,192,114,False,False,True,1,302,192,51,False,True,True,513,189,"<,-,!<,v+<,-,!v+!<,v,-,!v,v+>,-,!v+!>,>+Y,-,!>+!Y",0
2025-05-09T01:05:01.949570,299,192,114,False,False,True,1,116,192,51,False,True,True,513,-183,"<+^+B,<+^+B,!<+!^+!B",0
2025-05-09T01:05:02.021132,299,192,114,False,False,True,1,116,192,51,False,True,True,513,-183,"<,-,!<,v+<,-,!v+!<,v,-,!v,v+>,-,!v+!>,>+Y,-,!>+!Y",0
2025-05-09T01:05:02.236431,299,192,114,False,False,True,1,116,192,51,False,True,True,513,-183,"<,-,!<,v+<,-,!v+!<,v,-,!v,v+>,-,!v+!>,>+Y,-,!>+!Y",0
2025-05-09T01:05:02.448351,113,192,114,False,False,True,1,302,192,51,False,True,True,513,189,">,-,!>,v+>,-,!v+!>,v,-,!v,v+<,-,!v+!<,<+Y,-,!<+!Y",0
2025-05-09T01:05:02.652913,113,192,114,False,False,True,1,302,192,51,False,True,True,513,189,"<,-,!<,v+<,-,!v+!<,v,-,!v,v+>,-,!v+!>,>+Y,-,!>+!Y",0
2025-05-09T01:05:02.879500,258,192,114,False,False,True,1,116,192,51,True,False,True,33686529,-142,"<+^+B,<+^+B,!<+!^+!B",0
2025-05-09T01:05:02.956528,241,192,114,False,False,True,1,116,192,51,True,False,True,33686529,-125,"<+^+B,<+^+B,!<+!^+!B",0
2025-05-09T01:05:03.030878,223,192,114,False,False,True,1,116,192,51,True,False,True,33686529,-107,"<+^+B,<+^+B,!<+!^+!B",0
2025-05-09T01:05:03.106685,206,192,114,False,False,True,1,116,192,51,True,False,True,33686529,-90,"<,-,!<,v+<,-,!v+!<,v,-,!v,v+>,-,!v+!>,>+Y,-,!>+!Y",0
2025-05-09T01:05:03.346016,154,192,104,False,False,False,0,116,192,51,True,False,True,33686529,-38,"v+R,v+R,v+R,!v+!R",0
2025-05-09T01:05:03.456015,113,192,104,False,False,False,0,157,192,51,True,False,True,33686529,44,"v+R,v+R,v+R,!v+!R",0
2025-05-09T01:05:03.547015,113,192,104,False,False,False,0,157,192,51,True,False,True,33686529,44,"v+R,v+R,v+R,!v+!R",0
2025-05-09T01:05:03.647240,113,192,104,False,False,False,0,157,192,51,True,False,True,33686529,44,"<,<,!<",0
2025-05-09T01:05:03.759324,113,192,104,False,False,False,0,157,192,51,True,False,True,33686529,44,"v+R,v+R,v+R,!v+!R",0
2025-05-09T01:05:03.880929,108,192,104,False,False,False,0,158,183,51,True,False,True,33686529,50,"<,<,!<",0
2025-05-09T01:05:03.992906,98,192,104,False,False,False,0,160,168,51,True,False,True,33686529,62,">+^+B,>+^+B,!>+!^+!B",0
2025-05-09T01:05:04.100911,86,192,104,False,False,False,0,164,148,51,True,False,True,33686529,78,"<,-,!<,v+<,-,!v+!<,v,-,!v,v+>,-,!v+!>,>+Y,-,!>+!Y",0
2025-05-09T01:05:04.408909,71,192,104,False,False,False,0,174,113,51,True,False,True,33686529,103,">,-,!>,v+>,-,!v+!>,v,-,!v,v+<,-,!v+!<,<+Y,-,!<+!Y",0
2025-05-09T01:05:04.638889,68,192,104,False,False,True,1,185,113,51,True,False,True,33686529,117,">,-,!>,v+>,-,!v+!>,v,-,!v,v+<,-,!v+!<,<+Y,-,!<+!Y",0
2025-05-09T01:05:04.872657,68,192,104,False,False,True,1,195,154,51,True,False,True,33686529,127,">+^+B,>+^+B,!>+!^+!B",0
2025-05-09T01:05:04.942565,102,192,104,False,False,True,1,194,167,51,True,False,True,33686529,92,">+^+B,>+^+B,!>+!^+!B",0
2025-05-09T01:05:05.008566,68,192,104,False,False,True,1,203,192,51,False,False,False,0,135,">+^+B,>+^+B,!>+!^+!B",0
2025-05-09T01:05:05.075565,68,192,104,False,False,True,1,203,192,51,False,True,False,0,135,">,-,!>,v+>,-,!v+!>,v,-,!v,v+<,-,!v+!<,<+Y,-,!<+!Y",0
2025-05-09T01:05:05.256151,70,192,104,False,False,True,1,191,192,51,False,False,False,0,121,"<,-,!<,v+<,-,!v+!<,v,-,!v,v+>,-,!v+!>,>+Y,-,!>+!Y",0
2025-05-09T01:05:05.453768,70,192,104,False,False,True,1,180,192,51,False,False,False,0,110,">+^+B,>+^+B,!>+!^+!B",0
2025-05-09T01:05:05.532767,104,192,104,False,False,True,1,175,192,51,False,False,False,0,71,">,-,!>,v+>,-,!v+!>,v,-,!v,v+<,-,!v+!<,<+Y,-,!<+!Y",0
2025-05-09T01:05:05.776327,70,192,104,False,False,True,1,170,192,51,False,True,True,33686532,100,"<,-,!<,v+<,-,!v+!<,v,-,!v,v+>,-,!v+!>,>+Y,-,!>+!Y",0
2025-05-09T01:05:06.013425,70,192,104,False,False,True,1,170,192,51,False,True,True,33686532,100,">+^+B,>+^+B,!>+!^+!B",0
2025-05-09T01:05:06.087408,104,192,104,False,False,True,1,168,192,51,False,True,True,33686532,64,">+^+B,>+^+B,!>+!^+!B",0
2025-05-09T01:05:06.161411,70,192,104,False,False,True,1,170,192,51,False,True,True,33686532,100,">,-,!>,v+>,-,!v+!>,v,-,!v,v+<,-,!v+!<,<+Y,-,!<+!Y",0
2025-05-09T01:05:06.380279,70,192,104,False,False,True,1,170,192,51,False,True,True,33686532,100,">+^+B,>+^+B,!>+!^+!B",0
2025-05-09T01:05:06.450276,104,192,104,False,False,True,1,169,192,51,False,True,True,33686532,65,">+^+B,>+^+B,!>+!^+!B",0
2025-05-09T01:05:06.523930,70,192,104,False,False,True,1,170,192,51,False,True,True,33686532,100,"<,-,!<,v+<,-,!v+!<,v,-,!v,v+>,-,!v+!>,>+Y,-,!>+!Y",0
2025-05-09T01:05:06.733315,70,192,104,False,False,True,1,170,192,51,False,True,True,33686532,100,">,-,!>,v+>,-,!v+!>,v,-,!v,v+<,-,!v+!<,<+Y,-,!<+!Y",0
2025-05-09T01:05:06.950559,70,192,104,False,False,True,1,170,192,51,False,True,True,33686532,100,">,-,!>,v+>,-,!v+!>,v,-,!v,v+<,-,!v+!<,<+Y,-,!<+!Y",0
2025-05-09T01:05:07.164904,70,192,104,False,False,True,1,170,192,51,False,True,True,33686532,100,">,-,!>,v+>,-,!v+!>,v,-,!v,v+<,-,!v+!<,<+Y,-,!<+!Y",0
2025-05-09T01:05:07.368280,70,192,104,False,False,True,1,170,192,51,False,True,True,33686532,100,">+^+B,>+^+B,!>+!^+!B",0
2025-05-09T01:05:07.437737,104,192,104,False,False,True,1,168,192,51,False,True,True,33686532,64,">+^+B,>+^+B,!>+!^+!B",0
2025-05-09T01:05:07.517342,70,192,104,False,False,True,1,170,192,51,False,True,True,33686532,100,">,-,!>,v+>,-,!v+!>,v,-,!v,v+<,-,!v+!<,<+Y,-,!<+!Y",0
2025-05-09T01:05:07.727391,70,192,104,False,False,True,1,170,192,51,False,True,True,33686532,100,">,-,!>,v+>,-,!v+!>,v,-,!v,v+<,-,!v+!<,<+Y,-,!<+!Y",0
2025-05-09T01:05:07.945350,70,192,104,False,False,True,1,170,192,51,False,True,True,33686532,100,">,-,!>,v+>,-,!v+!>,v,-,!v,v+<,-,!v+!<,<+Y,-,!<+!Y",0
2025-05-09T01:05:08.155841,70,192,104,False,False,True,1,170,192,51,False,True,True,33686532,100,"<,-,!<,v+<,-,!v+!<,v,-,!v,v+>,-,!v+!>,>+Y,-,!>+!Y",0
2025-05-09T01:05:08.361220,70,192,104,False,False,True,1,170,192,51,False,True,True,33686532,100,">+^+B,>+^+B,!>+!^+!B",0
2025-05-09T01:05:08.435993,104,192,104,False,False,True,1,168,192,51,False,True,True,33686532,64,">+^+B,>+^+B,!>+!^+!B",0
2025-05-09T01:05:08.509719,70,192,104,False,False,True,1,170,192,51,False,True,True,33686532,100,">+^+B,>+^+B,!>+!^+!B",0
2025-05-09T01:05:08.580194,70,192,104,False,False,True,1,170,192,51,False,True,True,33686532,100,">,-,!>,v+>,-,!v+!>,v,-,!v,v+<,-,!v+!<,<+Y,-,!<+!Y",0
2025-05-09T01:05:08.770122,71,192,104,False,True,False,0,170,192,51,False,True,True,33686532,99,">+^+B,>+^+B,!>+!^+!B",0
2025-05-09T01:05:08.833970,71,192,104,False,True,False,0,170,192,51,False,True,True,33686532,99,">+^+B,>+^+B,!>+!^+!B",0
2025-05-09T01:05:08.901968,71,192,104,False,True,False,0,170,192,51,False,True,True,33686532,99,">+^+B,>+^+B,!>+!^+!B",0
2025-05-09T01:05:08.966221,71,192,104,False,True,False,0,170,192,51,False,True,True,33686532,99,"<,-,!<,v+<,-,!v+!<,v,-,!v,v+>,-,!v+!>,>+Y,-,!>+!Y",0
2025-05-09T01:05:09.170422,59,192,104,False,False,False,0,174,192,51,False,True,True,33686532,115,">,-,!>,v+>,-,!v+!>,v,-,!v,v+<,-,!v+!<,<+Y,-,!<+!Y",0
2025-05-09T01:05:09.364114,59,192,104,False,False,False,0,196,192,51,False,True,True,33686532,137,">+^+B,>+^+B,!>+!^+!B",0
2025-05-09T01:05:09.433117,59,192,104,False,False,False,0,198,192,51,False,True,True,33686532,139,">+^+B,>+^+B,!>+!^+!B",0
2025-05-09T01:05:09.496118,59,192,104,False,False,False,0,199,192,51,False,True,True,33686532,140,">+^+B,>+^+B,!>+!^+!B",0
2025-05-09T01:05:09.555134,59,192,104,False,False,True,131073,200,192,51,False,False,False,0,141,">+^+B,>+^+B,!>+!^+!B",0
2025-05-09T01:05:09.615116,59,192,104,False,False,True,131073,200,192,51,True,False,False,0,141,">,-,!>,v+>,-,!v+!>,v,-,!v,v+<,-,!v+!<,<+Y,-,!<+!Y",0
2025-05-09T01:05:09.808115,59,192,104,False,False,True,1,219,125,51,True,False,False,0,160,">+^+B,>+^+B,!>+!^+!B",0
2025-05-09T01:05:09.880116,93,192,104,False,False,True,1,223,112,51,True,False,False,0,130,">,-,!>,v+>,-,!v+!>,v,-,!v,v+<,-,!v+!<,<+Y,-,!<+!Y",0
2025-05-09T01:05:10.083253,59,192,104,False,False,True,1,241,100,51,True,False,False,0,182,">,-,!>,v+>,-,!v+!>,v,-,!v,v+<,-,!v+!<,<+Y,-,!<+!Y",0
2025-05-09T01:05:10.286132,59,192,104,False,False,True,1,257,130,51,True,False,True,67108865,198,">,-,!>,v+>,-,!v+!>,v,-,!v,v+<,-,!v+!<,<+Y,-,!<+!Y",0
2025-05-09T01:05:10.503566,59,192,104,False,False,True,1,257,192,51,False,False,False,0,198,"<,-,!<,v+<,-,!v+!<,v,-,!v,v+>,-,!v+!>,>+Y,-,!>+!Y",0
2025-05-09T01:05:10.714483,59,192,104,False,False,True,1,257,192,51,False,True,True,513,198,"<,-,!<,v+<,-,!v+!<,v,-,!v,v+>,-,!v+!>,>+Y,-,!>+!Y",0
2025-05-09T01:05:10.923356,254,192,104,False,False,True,1,62,192,51,False,True,True,513,-192,"<,-,!<,v+<,-,!v+!<,v,-,!v,v+>,-,!v+!>,>+Y,-,!>+!Y",0
2025-05-09T01:05:11.144067,59,192,104,False,False,True,1,257,192,51,False,True,True,513,198,">+^+B,>+^+B,!>+!^+!B",0
2025-05-09T01:05:11.218617,254,192,104,False,False,True,1,62,192,51,False,True,True,513,-192,">,-,!>,v+>,-,!v+!>,v,-,!v,v+<,-,!v+!<,<+Y,-,!<+!Y",0
2025-05-09T01:05:11.426280,254,192,104,False,False,True,1,62,192,51,False,True,True,513,-192,"<,-,!<,v+<,-,!v+!<,v,-,!v,v+>,-,!v+!>,>+Y,-,!>+!Y",0
2025-05-09T01:05:11.643658,59,192,104,False,False,True,1,257,192,51,False,True,True,513,198,"<,-,!<,v+<,-,!v+!<,v,-,!v,v+>,-,!v+!>,>+Y,-,!>+!Y",0
2025-05-09T01:05:11.842667,59,192,104,False,False,True,1,257,192,51,False,True,True,513,198,"<,-,!<,v+<,-,!v+!<,v,-,!v,v+>,-,!v+!>,>+Y,-,!>+!Y",0
2025-05-09T01:05:12.046696,59,192,104,False,False,True,1,257,192,51,False,False,False,0,198,"<,-,!<,v+<,-,!v+!<,v,-,!v,v+>,-,!v+!>,>+Y,-,!>+!Y",0
2025-05-09T01:05:12.250778,202,192,104,False,False,True,1,62,192,51,True,False,True,33686529,-140,">,-,!>,v+>,-,!v+!>,v,-,!v,v+<,-,!v+!<,<+Y,-,!<+!Y",0
2025-05-09T01:05:12.452692,150,192,104,False,False,True,1,62,192,51,True,False,True,33686529,-88,"<+^+B,<+^+B,!<+!^+!B",0
2025-05-09T01:05:12.521696,132,192,104,False,False,True,1,62,192,30,True,False,True,33686529,-70,"<+^+B,<+^+B,!<+!^+!B",0
2025-05-09T01:05:12.584372,59,192,104,False,False,True,1,135,192,30,True,False,False,0,76,"<,-,!<,v+<,-,!v+!<,v,-,!v,v+>,-,!v+!>,>+Y,-,!>+!Y",0
2025-05-09T01:05:12.772177,59,192,104,False,False,True,1,135,192,30,True,False,False,0,76,">,-,!>,v+>,-,!v+!>,v,-,!v,v+<,-,!v+!<,<+Y,-,!<+!Y",0
2025-05-09T01:05:12.968742,59,192,104,False,False,True,1,142,153,30,False,False,False,0,83,">+^+B,>+^+B,!>+!^+!B",0
2025-05-09T01:05:13.032960,59,192,104,False,False,True,1,145,146,30,False,False,False,0,86,"<,-,!<,v+<,-,!v+!<,v,-,!v,v+>,-,!v+!>,>+Y,-,!>+!Y",0
2025-05-09T01:05:13.223776,59,192,104,False,False,True,1,155,130,30,False,False,False,0,96,">,-,!>,v+>,-,!v+!>,v,-,!v,v+<,-,!v+!<,<+Y,-,!<+!Y",0
2025-05-09T01:05:13.410555,59,192,104,False,False,True,1,165,136,30,False,False,False,0,106,"<,-,!<,v+<,-,!v+!<,v,-,!v,v+>,-,!v+!>,>+Y,-,!>+!Y",0
2025-05-09T01:05:13.610016,59,192,104,False,False,True,1,177,161,30,False,False,False,0,118,"<,-,!<,v+<,-,!v+!<,v,-,!v,v+>,-,!v+!>,>+Y,-,!>+!Y",0
2025-05-09T01:05:13.805488,59,192,104,False,False,True,1,185,192,30,False,False,False,0,126,"<,-,!<,v+<,-,!v+!<,v,-,!v,v+>,-,!v+!>,>+Y,-,!>+!Y",0
2025-05-09T01:05:14.009385,59,192,104,False,False,True,1,179,192,30,False,False,False,0,120,">,-,!>,v+>,-,!v+!>,v,-,!v,v+<,-,!v+!<,<+Y,-,!<+!Y",0
2025-05-09T01:05:14.211973,59,192,104,False,False,True,1,166,192,30,False,False,False,0,107,">+^+B,>+^+B,!>+!^+!B",0
2025-05-09T01:05:14.277067,93,192,104,False,False,True,1,161,192,30,False,False,False,0,68,">+^+B,>+^+B,!>+!^+!B",0
2025-05-09T01:05:14.346364,59,192,104,False,False,True,1,165,192,30,False,False,False,0,106,">+^+B,>+^+B,!>+!^+!B",0
2025-05-09T01:05:14.415011,59,192,104,False,False,True,1,167,192,30,False,False,False,0,108,"<,-,!<,v+<,-,!v+!<,v,-,!v,v+>,-,!v+!>,>+Y,-,!>+!Y",0
2025-05-09T01:05:14.614961,59,192,104,False,False,True,1,168,192,30,False,False,False,0,109,"<,-,!<,v+<,-,!v+!<,v,-,!v,v+>,-,!v+!>,>+Y,-,!>+!Y",0
2025-05-09T01:05:14.808015,59,192,104,False,False,True,1,168,192,30,False,False,False,0,109,">+^+B,>+^+B,!>+!^+!B",0
2025-05-09T01:05:14.873781,93,192,104,False,False,True,1,166,192,30,False,False,False,0,73,">,-,!>,v+>,-,!v+!>,v,-,!v,v+<,-,!v+!<,<+Y,-,!<+!Y",0
2025-05-09T01:05:15.070750,59,192,104,False,False,True,1,160,158,30,True,False,False,0,101,"<,-,!<,v+<,-,!v+!<,v,-,!v,v+>,-,!v+!>,>+Y,-,!>+!Y",0
2025-05-09T01:05:15.260811,59,192,104,False,False,True,1,141,109,30,True,False,False,0,82,">,-,!>,v+>,-,!v+!>,v,-,!v,v+<,-,!v+!<,<+Y,-,!<+!Y",0
2025-05-09T01:05:15.489569,59,192,104,False,False,True,1,125,106,30,True,False,False,0,66,">,-,!>,v+>,-,!v+!>,v,-,!v,v+<,-,!v+!<,<+Y,-,!<+!Y",0
2025-05-09T01:05:15.699236,59,192,104,False,False,True,0,111,137,30,True,False,True,67240965,52,"v+R,v+R,v+R,!v+!R",0
2025-05-09T01:05:15.772237,72,192,64,False,False,True,0,74,157,12,True,False,True,67240965,2,"v+R,v+R,v+R,!v+!R",0
2025-05-09T01:05:15.833274,59,192,64,False,False,False,0,106,157,12,True,False,False,0,47,"<,<,!<",0
2025-05-09T01:05:15.894939,59,192,64,False,False,False,0,106,157,12,True,False,False,0,47,"v+R,v+R,v+R,!v+!R",0
2025-05-09T01:05:15.953559,59,192,64,False,False,False,0,106,157,12,True,False,False,0,47,"<,<,!<",0
2025-05-09T01:05:16.017668,59,192,64,False,False,False,0,106,157,12,True,False,False,0,47,"v+R,v+R,v+R,!v+!R",0
2025-05-09T01:05:16.078567,59,192,64,False,False,False,0,108,143,12,False,False,False,0,49,"<,<,!<",0
2025-05-09T01:05:16.137668,59,192,64,False,False,False,0,118,129,12,False,False,False,0,59,"<,<,!<",0
2025-05-09T01:05:16.197570,59,192,64,False,False,False,0,127,118,12,False,False,False,0,68,">,-,!>,v+>,-,!v+!>,v,-,!v,v+<,-,!v+!<,<+Y,-,!<+!Y",0
2025-05-09T01:05:16.379716,59,192,64,False,False,True,1,140,97,12,False,False,False,0,81,"<,-,!<,v+<,-,!v+!<,v,-,!v,v+>,-,!v+!>,>+Y,-,!>+!Y",0
2025-05-09T01:05:16.575757,59,192,64,False,False,True,1,149,96,12,False,False,False,0,90,">,-,!>,v+>,-,!v+!>,v,-,!v,v+<,-,!v+!<,<+Y,-,!<+!Y",0
2025-05-09T01:05:16.775311,59,192,64,False,False,True,1,160,116,12,False,False,False,0,101,"<,-,!<,v+<,-,!v+!<,v,-,!v,v+>,-,!v+!>,>+Y,-,!>+!Y",0
2025-05-09T01:05:16.969989,59,192,64,False,False,True,1,171,155,12,False,False,False,0,112,">+^+B,>+^+B,!>+!^+!B",0
2025-05-09T01:05:17.036986,59,192,64,False,False,True,1,173,166,12,False,False,False,0,114,">+^+B,>+^+B,!>+!^+!B",0
2025-05-09T01:05:17.100987,59,192,64,False,False,True,1,178,192,12,False,False,False,0,119,"<,-,!<,v+<,-,!v+!<,v,-,!v,v+>,-,!v+!>,>+Y,-,!>+!Y",0
2025-05-09T01:05:17.288938,59,192,64,False,False,True,1,181,192,12,False,False,False,0,122,">+^+B,>+^+B,!>+!^+!B",0
2025-05-09T01:05:17.352938,93,192,64,False,False,True,1,179,192,12,False,False,False,0,86,">,-,!>,v+>,-,!v+!>,v,-,!v,v+<,-,!v+!<,<+Y,-,!<+!Y",0
2025-05-09T01:05:17.541949,59,192,64,False,False,True,1,181,192,12,False,False,False,0,122,">,-,!>,v+>,-,!v+!>,v,-,!v,v+<,-,!v+!<,<+Y,-,!<+!Y",0
2025-05-09T01:05:17.741398,59,192,64,False,False,True,1,181,192,12,False,False,False,0,122,"<,-,!<,v+<,-,!v+!<,v,-,!v,v+>,-,!v+!>,>+Y,-,!>+!Y",0
2025-05-09T01:05:17.930099,59,192,64,False,False,True,1,181,192,12,False,False,False,0,122,"<,-,!<,v+<,-,!v+!<,v,-,!v,v+>,-,!v+!>,>+Y,-,!>+!Y",0
2025-05-09T01:05:18.146103,59,192,64,False,False,True,1,181,192,12,False,True,False,0,122,">+^+B,>+^+B,!>+!^+!B",0
2025-05-09T01:05:18.212817,93,192,64,False,False,True,1,180,192,12,False,True,False,0,87,">,-,!>,v+>,-,!v+!>,v,-,!v,v+<,-,!v+!<,<+Y,-,!<+!Y",0
2025-05-09T01:05:18.409840,59,192,64,False,False,True,1,181,192,12,False,True,False,0,122,"<,-,!<,v+<,-,!v+!<,v,-,!v,v+>,-,!v+!>,>+Y,-,!>+!Y",0
2025-05-09T01:05:18.631920,59,192,64,False,False,True,1,181,192,12,False,True,False,0,122,"<,-,!<,v+<,-,!v+!<,v,-,!v,v+>,-,!v+!>,>+Y,-,!>+!Y",0
2025-05-09T01:05:18.878958,59,192,64,False,False,True,1,181,192,12,False,True,False,0,122,">+^+B,>+^+B,!>+!^+!B",0
2025-05-09T01:05:18.959953,93,192,64,False,False,True,1,180,192,12,False,True,False,0,87,">,-,!>,v+>,-,!v+!>,v,-,!v,v+<,-,!v+!<,<+Y,-,!<+!Y",0
2025-05-09T01:05:19.223106,59,192,64,False,False,True,1,181,192,12,False,True,False,0,122,">+^+B,>+^+B,!>+!^+!B",0
2025-05-09T01:05:19.299484,93,192,64,False,False,True,1,180,192,12,False,True,False,0,87,">,-,!>,v+>,-,!v+!>,v,-,!v,v+<,-,!v+!<,<+Y,-,!<+!Y",0
2025-05-09T01:05:19.526474,59,192,64,False,False,True,1,181,192,12,False,True,False,0,122,"<,-,!<,v+<,-,!v+!<,v,-,!v,v+>,-,!v+!>,>+Y,-,!>+!Y",0
2025-05-09T01:05:19.772467,59,192,64,False,False,True,1,181,192,12,False,True,False,0,122,">,-,!>,v+>,-,!v+!>,v,-,!v,v+<,-,!v+!<,<+Y,-,!<+!Y",0
2025-05-09T01:05:20.001523,59,192,64,False,False,True,1,181,192,12,False,True,False,0,122,">,-,!>,v+>,-,!v+!>,v,-,!v,v+<,-,!v+!<,<+Y,-,!<+!Y",0
2025-05-09T01:05:20.222599,59,192,64,False,False,True,1,181,192,12,False,True,False,0,122,">,-,!>,v+>,-,!v+!>,v,-,!v,v+<,-,!v+!<,<+Y,-,!<+!Y",0
2025-05-09T01:05:20.404080,59,192,64,False,False,True,1,181,192,12,False,True,False,0,122,"<,-,!<,v+<,-,!v+!<,v,-,!v,v+>,-,!v+!>,>+Y,-,!>+!Y",0
2025-05-09T01:05:20.592830,59,192,64,False,False,True,1,181,192,12,False,True,False,0,122,">,-,!>,v+>,-,!v+!>,v,-,!v,v+<,-,!v+!<,<+Y,-,!<+!Y",0
2025-05-09T01:05:20.785027,59,192,64,False,False,True,1,181,192,12,False,True,False,0,122,">,-,!>,v+>,-,!v+!>,v,-,!v,v+<,-,!v+!<,<+Y,-,!<+!Y",0
2025-05-09T01:05:20.972760,59,192,64,False,False,True,1,181,192,12,False,False,False,0,122,">+^+B,>+^+B,!>+!^+!B",0
2025-05-09T01:05:21.037762,93,192,64,False,False,True,1,179,192,12,True,False,False,0,86,">,-,!>,v+>,-,!v+!>,v,-,!v,v+<,-,!v+!<,<+Y,-,!<+!Y",0
2025-05-09T01:05:21.244077,59,192,64,False,False,True,1,163,127,12,True,False,False,0,104,">+^+B,>+^+B,!>+!^+!B",0
2025-05-09T01:05:21.314550,93,192,64,False,False,True,1,156,115,12,True,False,False,0,63,">+^+B,>+^+B,!>+!^+!B",0
2025-05-09T01:05:21.387074,93,192,64,False,False,True,1,150,105,12,True,False,False,0,57,"v+R,v+R,v+R,!v+!R",0
2025-05-09T01:05:21.454680,59,192,64,False,False,True,1,145,102,12,True,False,False,0,86,">+^+B,>+^+B,!>+!^+!B",0
2025-05-09T01:05:21.523674,59,192,64,False,False,True,131073,141,104,12,True,False,False,0,82,">+^+B,>+^+B,!>+!^+!B",0
2025-05-09T01:05:21.587674,59,192,64,False,False,True,131073,136,108,12,True,False,False,0,77,"<,-,!<,v+<,-,!v+!<,v,-,!v,v+>,-,!v+!>,>+Y,-,!>+!Y",0
2025-05-09T01:05:21.804257,59,192,64,False,True,True,1,121,150,12,True,False,True,67240965,62,"<,-,!<,v+<,-,!v+!<,v,-,!v,v+>,-,!v+!>,>+Y,-,!>+!Y",0
2025-05-09T01:05:21.999677,59,192,35,False,False,False,0,119,157,12,True,False,True,67240965,60,"<,<,!<",0
2025-05-09T01:05:22.065685,59,192,35,False,False,False,0,119,157,12,True,False,True,67240965,60,"<,<,!<",0
2025-05-09T01:05:22.136684,59,192,35,False,False,False,0,117,164,12,True,False,True,67240965,58,"v+R,v+R,v+R,!v+!R",0
2025-05-09T01:05:22.209251,59,192,35,False,False,False,0,119,190,12,True,False,True,67240965,60,"<,<,!<",0
2025-05-09T01:05:22.276296,59,192,35,False,False,False,0,121,192,12,False,True,True,33555460,62,">,-,!>,v+>,-,!v+!>,v,-,!v,v+<,-,!v+!<,<+Y,-,!<+!Y",0
2025-05-09T01:05:22.498314,59,192,35,False,True,False,0,127,192,12,False,True,True,33555460,68,"<,-,!<,v+<,-,!v+!<,v,-,!v,v+>,-,!v+!>,>+Y,-,!>+!Y",0
2025-05-09T01:05:22.702714,59,192,35,False,True,False,0,127,192,12,False,True,True,33555460,68,"<,-,!<,v+<,-,!v+!<,v,-,!v,v+>,-,!v+!>,>+Y,-,!>+!Y",0
2025-05-09T01:05:22.900239,59,192,35,False,False,False,0,146,192,12,False,True,True,33555460,87,">,-,!>,v+>,-,!v+!>,v,-,!v,v+<,-,!v+!<,<+Y,-,!<+!Y",0
2025-05-09T01:05:23.089549,59,192,35,False,False,False,0,168,192,12,False,True,True,33555460,109,">+^+B,>+^+B,!>+!^+!B",0
2025-05-09T01:05:23.155856,59,192,35,False,False,False,0,170,192,12,False,True,True,33555460,111,"<,-,!<,v+<,-,!v+!<,v,-,!v,v+>,-,!v+!>,>+Y,-,!>+!Y",0
2025-05-09T01:05:23.342557,59,192,35,False,False,True,1,172,192,12,False,False,False,0,113,"<,-,!<,v+<,-,!v+!<,v,-,!v,v+>,-,!v+!>,>+Y,-,!>+!Y",0
2025-05-09T01:05:23.537914,59,192,35,False,False,True,1,156,133,12,True,False,False,0,97,"<,-,!<,v+<,-,!v+!<,v,-,!v,v+>,-,!v+!>,>+Y,-,!>+!Y",0
2025-05-09T01:05:23.735189,59,192,35,False,False,True,1,139,104,12,True,False,False,0,80,"<,-,!<,v+<,-,!v+!<,v,-,!v,v+>,-,!v+!>,>+Y,-,!>+!Y",0
2025-05-09T01:05:23.933189,59,192,35,False,False,True,1,123,114,12,True,False,False,0,64,">,-,!>,v+>,-,!v+!>,v,-,!v,v+<,-,!v+!<,<+Y,-,!<+!Y",0
2025-05-09T01:05:24.134341,76,192,0,False,False,True,0,68,157,12,True,False,True,67240965,-8,">,>,!>",0
2025-05-09T01:05:24.198341,59,192,0,False,False,False,0,110,157,12,True,False,True,67240965,51,"v+R,v+R,v+R,!v+!R",0
2025-05-09T01:05:24.263101,59,192,0,False,False,False,0,110,157,12,True,False,True,67240965,51,"<,<,!<",0
2025-05-09T01:05:24.329464,59,192,0,False,False,False,0,110,157,12,True,False,True,67240965,51,"v+R,v+R,v+R,!v+!R",0
2025-05-09T01:05:24.394980,59,192,0,False,False,False,0,110,157,12,True,False,True,67240965,51,"<,<,!<",0
2025-05-09T01:05:24.458084,59,192,0,False,False,False,0,109,172,12,True,False,True,67240965,50,"v+R,v+R,v+R,!v+!R",0
2025-05-09T01:05:24.517587,59,192,0,False,False,False,0,110,192,12,False,False,False,0,51,"<,<,!<",0
2025-05-09T01:05:24.577209,59,192,0,False,False,False,0,116,192,12,False,True,True,33555460,57,"v+R,v+R,v+R,!v+!R",0
2025-05-09T01:05:24.639446,59,192,0,False,False,False,0,118,192,12,False,True,True,33555460,59,"<,<,!<",0
2025-05-09T01:05:24.704441,64,192,0,False,False,False,0,62,192,12,False,True,True,33555460,-2,">,>,!>",0
2025-05-09T01:05:24.769444,59,192,0,False,False,False,0,118,192,12,False,True,True,33555460,59,"v+R,v+R,v+R,!v+!R",0
2025-05-09T01:05:24.834162,59,192,0,False,False,False,0,118,192,12,False,True,True,33555460,59,"<,<,!<",0
2025-05-09T01:05:24.897169,59,192,0,False,False,False,0,118,192,12,False,True,True,33555460,59,"v+R,v+R,v+R,!v+!R",0
2025-05-09T01:05:24.962174,59,192,0,False,False,False,0,118,192,12,False,True,True,33555460,59,"v+R,v+R,v+R,!v+!R",0
2025-05-09T01:05:25.026097,59,192,0,False,False,False,0,118,192,12,False,True,True,33555460,59,"v+R,v+R,v+R,!v+!R",0
2025-05-09T01:05:25.089998,59,192,0,False,False,False,0,128,192,12,False,True,True,33555460,69,">+^+B,>+^+B,!>+!^+!B",0
2025-05-09T01:05:25.154909,59,192,0,False,False,False,0,141,192,12,False,True,True,33555460,82,">+^+B,>+^+B,!>+!^+!B",0
2025-05-09T01:05:25.221908,59,192,0,False,False,False,0,151,192,12,False,True,True,33555460,92,">,-,!>,v+>,-,!v+!>,v,-,!v,v+<,-,!v+!<,<+Y,-,!<+!Y",0
2025-05-09T01:05:25.415078,59,192,0,False,False,False,0,161,192,12,False,True,True,33555460,102,">+^+B,>+^+B,!>+!^+!B",0
2025-05-09T01:05:25.486078,59,192,0,False,False,False,0,163,192,12,False,True,True,33555460,104,">+^+B,>+^+B,!>+!^+!B",0
2025-05-09T01:05:25.547057,59,192,0,False,False,True,131073,163,192,12,False,False,False,0,104,">+^+B,>+^+B,!>+!^+!B",0
2025-05-09T01:05:25.612808,59,192,0,False,False,True,131073,163,192,12,False,False,False,0,104,"<,-,!<,v+<,-,!v+!<,v,-,!v,v+>,-,!v+!>,>+Y,-,!>+!Y",0
2025-05-09T01:05:25.804584,59,192,0,False,True,True,1,147,133,12,True,False,False,0,88,"<,-,!<,v+<,-,!v+!<,v,-,!v,v+>,-,!v+!>,>+Y,-,!>+!Y",0
2025-05-09T01:05:25.999325,59,192,0,False,False,True,1,128,103,12,True,False,False,0,69,">,-,!>,v+>,-,!v+!>,v,-,!v,v+<,-,!v+!<,<+Y,-,!<+!Y",0
2025-05-09T01:05:26.182309,59,192,0,False,False,True,1,113,118,12,True,False,False,0,54,"v+R,v+R,v+R,!v+!R",0
2025-05-09T01:05:26.254309,93,192,0,False,False,True,1,107,126,12,True,False,True,67240965,14,"<,<,!<",0
2025-05-09T01:05:26.330313,59,192,0,False,False,True,1,103,150,12,True,False,True,67240965,44,"<,<,!<",0
